{
  "activation": "relu",
  "W": [
    [
      0.2538396929541272,
      0.0737327119518009
    ],
    [
      0.0737327119518009,
      0.6362769875853875
    ]
  ],
  "b": [
    0.5292803621726098,
    -0.2826955740487357
  ]
}