{
  "activation": "softmax",
  "W": [
    [
      -0.4158205938784025,
      -0.19025655136421288
    ],
    [
      -0.19025655136421288,
      0.6160378533264361
    ]
  ],
  "b": [
    -0.03821129558258054,
    -0.15638704248263688
  ]
}